sample_id,GENE_001,GENE_002,GENE_003,GENE_004,GENE_005,GENE_006,GENE_007,GENE_008,GENE_009,GENE_010,GENE_011,GENE_012,GENE_013,GENE_014,GENE_015,GENE_016,GENE_017,GENE_018,GENE_019,GENE_020,GENE_021,GENE_022,GENE_023,GENE_024,GENE_025,GENE_026,GENE_027,GENE_028,GENE_029,GENE_030,GENE_031,GENE_032,GENE_033,GENE_034,GENE_035,GENE_036,GENE_037,GENE_038,GENE_039,GENE_040,GENE_041,GENE_042,GENE_043,GENE_044,GENE_045,GENE_046,GENE_047,GENE_048,GENE_049,GENE_050
SAMPLE_001,262.00186267625696,114.10572372191366,899.4992804165969,2078.0367157583496,,335.5876391539619,5139.720525358662,1926.3573760019274,152.64679159525915,122.01534673779422,100.93366634896354,360.0995291986719,633.3989323871576,29.73812922712107,0.4144528473398924,164.75325199541945,6.085046789801409,,174.26874123941218,86.02410913039937,3599.553689906577,241.33474412125992,772.7194520053401,58.7324355767795,21.223671838224423,406.4699795633439,,609.9585801094548,136.714738120133,,106.92503222759413,1954.4321272781249,364.7772976431675,125.52928472059573,1685.105477227072,40.06401755478375,945.6031208992547,35.65134626507912,21.105069700250404,39.22650925115769,1658.330781211272,790.7884637489741,601.2663232690494,418.55544353316003,48.30422235039328,133.04840455057692,10.344490739982659,890.1589896842717,568.6974385869354,32.99169996477346
SAMPLE_002,202.2301363493915,78.7988537805187,123.33724661760671,529.6140262846138,858.7512038622912,1927.5571521770723,136.6070390756677,383.1457523085695,,233.60331810255127,98.5760877751199,548.1158274618857,83.81856985197808,87.18571211982372,,2928.484254512091,24.954793148538336,1895.1909351961986,1170.3858367777152,271.891615861203,686.897716331362,3401.2702709599025,661.7479101243589,5203.464342522094,0.9437193889864203,1180.8383688299534,,221.70174779268737,386.2542190299966,,189.64995713333553,207.49485387234822,3416.5068805789515,281.9416520094575,145.9152051136679,117.81416653833843,2728.8368391340855,1103.6948226370798,69.90603963720581,63.05214424720312,633.6414612791996,2614.8069956170234,249.4929735587936,402.20893250431857,,43.60652941613918,32.187965948029046,269.69714811622964,342.26705705808735,326.6651194453042
SAMPLE_003,14.883069185389141,74.705512702094,203.61555294469204,63.51131962702094,143.60283434101277,874.0738446042848,8145.44059118461,791.635258977615,454.2573401143339,48.35830090027898,11.37517385324671,695.898822932378,482.26914780421504,21103.90915897109,4.129016457775626,601.9661530268934,26.39074661548745,72.87593439920732,3777.6935584146036,2210.519194867965,,86.55397588867037,5726.244633738182,60.7846824929518,115.8130070668493,9198.628072824893,40.18870250333719,148.4721548865714,390.85304057826903,202.14644716581148,25.756646936659912,134.59659822703634,75.64696272930189,1248.24533872414,123.54799685660791,2557.1424821516202,213.50230227036138,415.7981062976206,524.3021714451046,4.6078641710503545,770.5132520268527,4344.614072743719,64.15394217830355,867.3266752688212,655.321629830181,1265.4886691083905,3.2283984309733866,25.15437475429975,743.1021098366489,725.088166557604
SAMPLE_004,181.09462037759437,236.0855373356906,122.76455867147168,299.7697264535025,283.890520208719,163.2955011865814,7899.830068669048,1240.1447879558737,51.696135698569364,,46.87889462299329,2358.0776221748933,2505.0160225801997,153.13607791450812,23.3744810493938,711.2696385835964,95.40884950612637,7237.021436583525,470.85610457207423,231.01413546949087,105.19548108467164,99.5971921360943,,830.3459166066992,72.72807169922979,1190.229071021624,181.07172968904385,3072.1875431896183,226.30176150515163,25449.71062942518,673.9722213901324,33.5723008277994,74.67864048295672,1264.9831640695377,350.92477787304756,729.7812485687767,1405.8311763521563,604.2866831939502,43.44960574993448,3.009548549064766,280.3656162921302,2209.6209695539796,985.9947299571878,101.47949293617214,575.404545281475,698.1649467113546,5.482855733497914,229.59213450048608,370.6410943277651,83.62652880121392
sample_005,212.71674057129334,325.60945128733704,1728.2805837199985,,23.1611408208813,116.78691294186906,1041.5733255595383,1316.7382847961092,668.4153817681745,17490.339875020083,476.24186146640255,3977.161106181119,1843.0179302600611,1393.309705222434,3.4338319116359135,1195.5170358307612,8.721953817587197,294.8738426545868,328.5172635267105,809.077214414404,12862.608794293494,20.572425504053165,1954.7430415320707,44.30247798550041,23.660179448630338,1762.6120129861577,195.54889299662116,68.93933114052939,115.11124660052457,1192.2559232237948,88.15864066090002,168.0271487169913,398.5729810613348,230.83541046647326,12230.427760782795,647.1788086471684,33.1424081259804,891.5607401550775,57.3465484594496,104.8688920741765,166.84843814377683,514.8488791858093,1525.368519520194,2409.3148642027572,73.32175442902239,237.15820849798686,10.124864923716947,68.42394925672629,4798.710314872023,852.5985580554602
SAMPLE_006,18.76426854668973,556.3039358091241,8213.543702469087,995.5864360583604,18.72622621559265,230.61218986681618,3217.3119282114085,,600.683048593031,172.82125365923824,50.35985672234859,662.2790941730801,,112.81721467336929,3.772464316908987,58.92146367807781,321.7252923827885,49.232966800019774,351.6259543202339,870.6099114068201,3470.319424761156,39.2933845823296,3997.2798444975956,505.4575255331487,11.016875847358415,688.3389676064303,239.36269524296515,141.10703419186532,373.73900786923355,241.34694560724586,312.6123397378746,327.87541150795266,4018.074493911936,95.81145222897585,12031.89274997538,13.378011005050011,550.5126373495688,1629.0754187249074,235.8698469039627,11.4731743025084,400.88859727439893,291.91909131633935,295.4392577260766,2351.6395662443865,758.1074957788121,,79.58391916708689,289.0691777522706,1149.6516865619117,1194.233110165844
SAMPLE_007,35.865931702628956,60.597298395826655,1044.4501502816468,528.5775094297418,177.26177073213276,568.5445374836783,3269.6299910148314,250.8554687680901,701.3340812228867,39.92560253762941,145.92142131205793,3763.6344236961513,1519.7202710631882,1776.8809940661672,39.04828240057018,395.1976298327977,77.32447687111208,264.1125632107012,1106.419317096464,588.6716548414162,462.0097227803727,826.8182812332909,204.6482633216928,11483.831083381383,10.61921578035018,,,1138.3533493834052,858.3692017320338,1104.0319490397542,258.8678538218071,31.61261103137428,417.0640046222129,222.1522376220878,2118.462080234656,200.56893765401003,200.39326470589018,416.2197362242059,287.49041959573304,12.534365243988896,159.57856294587083,881.3976609071325,,307.36935741714194,218.9283490999531,554.7703390696394,2.352046326612988,22.076663181746913,115.61373731605056,337.1896457452944
SAMPLE_008,198.27237804815965,1283.7698156449626,1232.4938068803724,166.45520942072807,177.76379058110655,,467.8581058058911,395.14234873100946,500.9048286791738,15.634192600327685,440.80819234136885,,374.2847302306861,958.0672606205233,15.514835070727862,209.77793066848534,38.908775599316904,428.6600258164717,787.7248538979057,224.43103627623648,414.41059169939035,714.6885383614488,6156.964464632387,2098.5893457338107,1213.7438200138854,,657.1230992753594,457.0793620139152,8987.221249831668,127.96521559663658,74.82148756130636,49.41967940133795,15.389558724505047,278.79393833073135,157.1289927843419,,1154.1985872271719,11243.53250849345,643.825748354536,12.289010864039012,142.34375541551614,1279.0294646743478,98.70746560997982,10256.357691625275,2603.109947156542,193.7785167123364,1.5804513094452732,1389.258330838131,286.0341897031588,2973.6359677925184
SAMPLE_009,11.377513363679478,57.13742534199087,343.1511414836173,227.03517157407921,93.11932678833386,1213.6206893202418,96.97993652277744,492.0915652281196,369.73322326767175,116.97555899112797,,134.02307087420533,44.123202819618534,3564.8085709613642,,124.60520774486506,,500.33980340375354,3990.1355709003706,791.8412024939264,8788.627856207388,4711.966726659478,480.6683440843966,2137.6681089278513,126.43839153018398,2681.3442323248632,41.76276782442771,971.5776716771489,1646.6386656090792,30.756356004755933,44.69224983688884,5.700702511286421,248.49497136244568,1799.778449803345,4671.809031555144,279.46757055655564,7954.164229300962,85.0415455316206,12.021764268608736,26.862717869940074,974.53957176318,582.2709907370617,32.18006763914831,,62.7148154562232,1069.5445063655218,35.77715667073833,44.51815431206733,157.13742484501174,94.82147980552962
SAMPLE_010,113.21195138029199,588.2990177348171,77.61155934711735,450.65578816842924,82.56563345725338,145.15168932277453,409.68526611195546,128.943013541464,,8.966450819654991,3853.271361777631,763.4673968716254,154.2490924654877,722.9356889134059,4.6556829139222895,,69.8486770983194,1310.3336625932625,,301.67666156041975,264.4135732286249,10.718461763472444,71.94033884520229,3867.740710859451,,236.88436989722018,421.6711969338338,553.7532872577492,34104.19918983178,,,28.96612432816389,,832.3898684665127,157.78604227554774,29.61744435941152,262.0848295378855,133.0826135560242,1944.0035433552146,109.56528221989521,541.2644573435338,5630.166473283601,803.1671546557732,180.64587156478945,4358.956956472467,879.0522901302011,,137.03121278317923,91.33131654877636,
SAMPLE_011,498.97036487895986,2461.796955934513,41.78151786992641,492.2998148749871,68.92480363822989,229.61419825231684,197.81729948692683,166.70868373236098,331.99526996895906,15.547216039373351,303.4677395556902,671.5697815099625,307.8876583828086,134.42479648281977,2.319667100257096,1189.11789289694,58.936281027270404,97.07099866521085,789.6842397357153,2208.7098212553547,,765.0105991331372,258.4463433723661,1171.4673902053985,,22.961135818771545,15.457228449560791,373.14662759681534,496.9246172235967,110.80046424185852,687.1664595189117,10.045829648901913,337.11130680063627,99.74143321531812,184.5668832685756,268.4976322776373,190.16792671948738,378.59187542329596,700.1058717366999,12.289228125949528,1918.703775421773,112.32739753372006,,5714.818613677508,10.889894089992346,118.52648472428812,49.058841742300494,134.4441227487441,592.6712886678627,187.6987842691399
SAMPLE_012,141.62249970797197,111.16393663298496,,309.9048517844336,303.50071149053827,257.0506450866311,,72454.68071117743,557.808935018147,28.755528463661427,312.38998425722946,,1627.571159585553,,33.39484554964049,207.63197186435903,,92.72573560986326,41.118034847917876,,410.6410836322056,4186.018693225968,1140.2636679360933,358.3333238846246,166.63397049083014,12.483692931868587,252.8540004234833,1103.389204250006,36.63394309997857,2391.8848318221935,,,961.7029894238498,18492.948123399237,,362.8810040735719,347.0560191092447,188.39212109284205,537.6974707319308,8.084391133081104,609.8520018371595,298.7155883526055,1467.007854337039,1084.5908130677274,,182.2637329492972,13.77148067264703,41.995865537930676,174.42262365541,817.9220071080499
SAMPLE_013,,35.20801956420319,1254.7784804895666,1616.6167910564388,340.0634835500932,7960.780255605978,150.6939505598332,94.18415673666777,21.4185615119549,509.9808783629807,539.7675349308756,666.2054371907059,670.5578518845793,96.94238479298983,215.98493273434696,464.8487012485292,,,1399.889464398542,1001.1545711356907,122.0438376488923,686.8060486174518,11750.610625800242,3745.253140668473,523.989256704057,159.86067842147992,40.244895710658,287.4829763343166,365.92996214756215,2220.5122235392023,20.821600413745454,1204.4317532969458,293.6888909957639,323.365694612432,107.51275670419831,20.89393824554717,2376.260780412153,752.4007138165208,22.350551704318246,4.184732414652313,331.023676498886,7476.42764456721,484.50287558667895,68.97543842848015,306.9507666543813,,0.36134658006188336,168.0521667818396,240.21138839496487,1319.655232382805
Patient_014,1991.6416474210162,760.7991665748436,227.45954773471126,,8682.108271156958,521.086590375392,,587.5999764553245,415.4928562338733,43.54374854971339,85.54966300314166,318.83913026010964,419.48473467096966,232.11042890341074,1.8913899951849973,449.22575099039756,18.965381105635885,4014.8891050451307,12.758273948725238,3678.8056453054405,2589.499200447662,,417.62852888987396,285.1322534271155,5.814900643614448,107.16837108968517,33.56643614211808,4809.025246072186,1369.7344612424172,2897.3115792295607,778.3653145323017,22.328413706406444,169.48297200271918,1278.1478425768273,78.45885577234543,728.6851413645564,482.04595765894857,384.16067288216044,449.5433579468829,56.85225516336555,318.75338092298335,3480.644603042664,141.304254950664,1656.3444532994156,1080.2565612339074,246.20380280261907,33.670152827391945,27.91171192385116,1358.2625765693758,351.94082194556324
SAMPLE_015,56.7806644347576,,118.36699325999803,25.583359258028835,17.708348612210507,1183.3486108281286,70.47730425070378,8471.181818755687,13.591494164390662,688.827803075826,277.58196870064023,626.347560681716,194.5673568876822,954.3729932655568,5.207649624956582,2003.8648685035262,32.99719537677436,527.0145541564052,394.34114801267924,656.9873158362028,633.8387862175175,26.039036379281388,92.42020360721239,1517.789926095399,62.05303352614391,261.16468520954606,182.55314044656367,584.7688166582512,149.7871169835731,133.85388756903893,353.70235575448453,27.990873624372014,686.709942786059,47.7142484443945,2297.322346230036,508.0807096497732,1014.9271911577353,2943.4233016700264,1881.8375935545137,133.7023443512203,34.624295058007974,89.71272593840708,280.1380526885292,683.7562410792272,,131.876199359922,27.31845238743547,58.7118951266944,135.72685017388733,56.30732320544605
SAMPLE_016,31.138049080890795,18.485653837786646,78.76711337472511,1027.7186796119715,44.030458295401324,24727.262886682045,,803.9107217693229,85.18297667131935,,85.29649233280077,869.5621556159374,20502.12562201984,454.0741688398106,,133.36844594137773,26.379794586189146,5990.777464433877,265.65118780392663,10848.216685645064,1154.843240846056,145.64166221162398,,2140.8240268569652,122.04699616255452,32.64817998056458,59.661364364918015,239.50303106060016,301.02834891443854,1091.3972643475274,344.2056764153225,16.385898926476298,658.4111851119561,1533.0033852145923,1136.208069556167,1265.1110412260207,2414.894274385471,1342.1958076204116,139.2880077821873,2.417223386673569,1043.4567521453148,835.0650383633716,,96.86730404181488,,1901.1392649517816,19.454521443159546,506.724667321549,354.39024046705896,485.6316699972692
SAMPLE_017,508.1141325075453,64.74489003738914,,105.76515555827076,95.31961569818907,299.8644058719945,,297.11257351776896,2030.3682675658836,14.131351095357788,152.82333869642062,374.4201288752666,3860.777502747045,704.2846216294045,25.9027072214907,41.24540227070733,41.4984673439249,1597.5423824700329,769.7460804343073,,183.8571896780267,2804.19155440164,21959.846971572184,288.8352851575833,24.61700488397455,3044.8377856480847,1898.365686812239,,179.21287781401873,281.89340092753747,35.09336591401464,30.61407167004755,82.54319325209889,193.91290627148712,465.79179356270004,355.3368409702375,7074.685673875665,,677.4094921032957,21.180430261878872,508.6048492675483,1682.7881663597384,,1166.8691785677518,569.6261531427061,819.8785459587552,31.85407141068695,7249.349048505164,,209.41560417249457
SAMPLE_018,48.840974113291416,61.026377742229904,130.87265554027942,1259.1080498811875,1540.3059332832347,202.54642846442584,138.02038636859058,1235.656107930828,134.82851522635522,139.72895229674722,274.2320381984112,74.54171645562995,4489.132896299049,7755.572617819156,2.197669859387992,214.07530938220827,42.686349375457944,694.6865300670844,1827.0375699216959,14594.353055290283,306.332510345962,,88.20334607407027,166.28768970347514,45.695543757455624,5079.473969804968,,485.66833533024607,328.39601479712917,2557.5263787430317,11673.615778880574,54.76955764116251,178.64019466831584,2937.595841388842,1364.5818243197982,3991.031817009048,1659.7459584677051,393.2139867304439,375.31835074999,154.02521021580696,1875.424333046632,1308.8303149610872,3542.267819196834,3798.6776251448027,3528.1906268044413,,16.06648006809958,227.19013753959547,,136.37558587125832
SAMPLE_019,216.21868951943065,77.82896424429258,355.46353873852706,1439.875383512841,243.62461163069673,511.1910522530346,62.561529829954814,1866.1157003060166,812.8645996061541,1387.402883551253,127.47531258182676,1005.9630145137531,640.4893969025557,,4.776162412053388,581.9662722987379,,556.5122637151746,348.2721760104213,957.3969938486757,1999.2744388375024,72.60809747794838,852.4190536190719,174.15282116885638,288.37484674947376,35.034939448539895,76.78487192915456,611.345238757561,3523.2552573409994,389.779233251314,114.65052446957873,2040.9553491873953,42.41542148625598,22.666692001989777,949.3596887585543,117.76166008538604,149.4076279891899,1950.4721809299833,,12.527709798354222,80.27115604180423,2263.492093320027,1896.5887570082557,566.626927190767,7081.616329242297,,2.094101289108478,64.57676316272482,317.2030456664439,669.0276707546923
SAMPLE_020,86.61095397481351,238.07957492680717,52.09121465997665,1845.085619806479,161.70168613509182,2547.9192499327896,804.3405754394589,1208.776371415593,725.5929627036176,105.83376457722348,530.4226869663313,5317.2093625141615,591.6639346745072,1519.0737273061497,4.8161610041189125,3321.115598773468,10.079388974433606,6267.8343317574545,640.5952260991573,83.67334721919177,484.0792392216796,121.90864027796992,2464.117635381101,187.01305921393987,24.591874705559224,20.222889253605118,90.10097020930753,9.152481419783424,31.280670509574946,1345.9130187467524,856.9573166689825,229.89530833803846,,571.0852140061024,488.0228662365698,44.00032652061442,6592.085272317081,2513.258836454895,111.09060108576921,30.398390998583555,748.7769663079252,,493.6093030408908,236.39131212174442,98.77770751041001,256.936476004494,306.10923918649667,476.7446580262713,144.192992979692,1096.2937138445984
sample_021,1014.6647471584835,561.9834470538931,372.3189953270955,80.17637449587022,521.2943910066255,860.3305323856356,1842.2162164035342,1579.7023740435118,1490.2025850159469,24.226666477094668,1459.2547948673835,973.9641545250789,9907.510156186552,186.52563349256604,74.4796835906717,515.298518967957,10.46413913176087,203.55714410583727,420.78152188484364,1351.9889281041997,875.1061737313782,143.20818265345548,,12376.068865247495,640.9849622580568,662.2291838508096,187.99128940812685,415.6697255477208,844.8267235989462,92.76014300676907,,9.939945827103248,677.4715403043392,1619.5431442410304,237.6945335851994,2651.0849055957246,109.9338762538226,74.94314617336488,216.6905032051569,140.4298919784252,6848.318927876643,307.2469086439129,3606.6391837427864,620.6095882410066,,1474.3451805653567,54.92104214423464,17.1350917879054,3111.1000005389205,3681.049857635679
SAMPLE_022,48.66384400233015,,714.3340611510226,312.82524264965986,80.11973721511444,174.10412248911734,462.94286962047084,3538.0378181134524,697.6646280388552,31.012342370955754,643.639082074921,10.096220669139825,2468.3509912394575,38.58176415439609,3.1992591515512174,71.40553333849208,3.9870790003908456,2399.500102534857,337.33716132367476,1203.3191432671683,372.30414712973493,,,72.64801613280353,214.0247089734448,164.1025136776572,17.193262011993355,182.66818027720637,3197.0835172671505,1540.0012622338795,156.28943991935685,71.9197651700327,229.77033905278452,,870.1531657859597,,3242.0228021515127,964.3707671606744,104.92325061818487,21.74831204102774,491.99328244947054,578.3300500580456,2130.1649754723167,710.7947674861888,1331.767221873381,347.0276460644421,23.2281527650636,9.101285986534803,1342.6662139919572,780.9795463959413
SAMPLE_023,,1.82237173561289,7807.714039858891,171.6143165675154,964.157040836944,100.206162281013,1206.0376778596167,125.47552129876773,121.10825787420309,954.6586052696234,151.9522718157905,1003.3748062572448,1624.9927565726264,1103.092892482039,6.904746251577942,662.0371748476094,1022.7030745727257,385.81089010725384,919.9168457949798,3460.141425733491,2097.247160453255,2009.0050099746768,1820.2316909829972,89.6225578168184,556.5953752512132,61.65831539148388,279.59541433691805,111.99231477433746,305.71309574024696,704.4022123144271,426.9742457625261,228.67889466361257,4188.507585492885,,340.19912825074823,1061.9635094926327,4116.395941263103,106.89856269926636,379.13504462891876,83.58131867613913,350.5564316942346,4815.226199874483,571.0215861021535,,342.30228646541514,400.9544741100302,3.9868426762258102,21.023490833154895,,130.36969526099054
SAMPLE_024,28.111868662199228,5.553546324265851,130.5639081772486,29.0785086096852,2147.3776990954843,2168.5504138676415,171.35017051464519,17870.163238879835,1346.126530080117,33.21693011315226,4.761113165306086,22502.663354024877,54.80592678307118,44.444991628558434,25.544865255539985,14876.064866699808,221.7366295112414,980.0849024262315,1660.3209787940743,2573.9745116287786,,516.2734341082171,816.4171173564197,453.1506934960276,15.498517254952299,225.90477826680996,14.012575694011417,299.5659476162179,76.39887154253135,82.17260105878869,345.3398831392736,979.8907746333103,1475.8771500694788,58.16911616096746,111.19927539662916,1025.4644086634682,158.3482092759785,481.2285775203327,353.1420922849987,6.831499793344599,641.5776435993757,82.676866829461,290.167669790551,1062.2428068053182,40.6830425780448,758.3851920746486,20.044514802477345,417.5697846410676,475.2268728536912,3594.0209324993707
SAMPLE_025,150.07229394767887,73.73027927211594,409.0149470813086,477.98583551651234,196.8161545067738,506.7288835250448,167.82927282462126,225.40136524368603,37.653667961497696,745.9599251749531,31.305544373216083,256.1126269867267,149.98662791262063,,3.5401042027881724,2488.64412996115,10.123355296169162,639.231559262974,194.34095782245728,17868.71753758406,67.26865379066392,,1806.7574671283978,925.943358561971,36.370563534352954,283.26848016564804,189.63622269394233,278.47854632082084,1428.918668874056,11848.901054625032,114.25698849488734,15.560462035565235,326.06925208192627,29397.63405161933,146.97378219819092,2923.15647722293,8561.911717608049,293.80307582637187,363.31381825992906,335.84705253335835,310.186999709319,450.6123976079907,298.86412019778317,143.49925019441153,167.56739759778037,62.46265876600131,21.72660271269052,57.440917680851655,482.31623284254727,45.01396510760233
sample_026,204.30229433629674,490.2009033263854,,370.8207938481602,1153.4162275268527,77.68227024971296,5912.318540283813,1142.2583024756577,107.21332016398341,49.73222671868533,467.35093405817753,811.5801750925464,988.6012150135754,131.8071688083446,7.103743623614992,45.938725798337,,108.40931973934661,,4569.79173440765,2052.9994913135765,844.3411183453331,135.66038515771848,,296.2897295512067,425.6858194493369,5758.2260080611,626.2945483601294,448.9575146653369,270.5700976000308,322.14418700051164,96.6148954860677,1076.7428419313019,2576.4272834255867,150.92482718931072,33.95019705524039,44.00131390403174,1444.1541787377398,29.569471056519646,,981.1593265455184,25731.658408596577,,2312.7696494972784,501.7219087053057,,81.94325235659804,117.95520470594731,507.2528448549204,752.4713749380865
SAMPLE_027,45.65644149434695,621.7794175979823,261.8746125662186,68.10266298628031,409.0120947104386,123.8890744763152,501.80244042640413,,1573.6949877055883,110.20630549124283,,2469.1383988501575,3545.620166153961,1210.8354577729663,5.596322075454332,53.52377017121867,5.626066902530203,266.11763994030525,272.69839592597975,540.5711107694907,434.8785843519056,749.4866696832505,628.2106716189727,,52.89997487406758,17.777370729190682,43.39687009333306,279.6986272618347,54.8341114570326,1057.961261452614,2619.697474594738,,,5739.886263794015,613.2466719613561,150.82423194053104,275.45480260971175,428.1987965351016,,37.700948542076034,696.9599325569003,614.3391342381415,1377.3513855675806,3922.3032275125593,1843.8907659609108,42.230063217126734,0.4477727348443073,740.4044673633473,,331.5133710540176
SAMPLE_028,21.50124508917603,9.407913671870347,,660.7442136107785,77.03149472112037,9.781815874403513,211.99614463715346,1096.5674095645081,33.58135246192713,71.1895931452391,197.67520355676726,1726.6050195637526,,121.84466435166696,33.16310399408776,301.89698396363104,26.68560514869832,103.7385285030648,349.9223714734322,189.78257535266445,308.1765701641502,4413.450639647345,89.19027663101977,44.246325210868235,436.3508985807068,251.4239793736917,65.090675376991,1651.932439366911,135.6979251571538,6655.643844898048,728.9292531527559,58.414875172695645,9466.316836722279,247.28291466783054,1493.5470322371793,391.7731444808351,4871.413832770939,7013.26679303607,162.35715657385884,9.430358522937906,1092.064440893418,221.2747244785731,14655.797424674012,806.954998458698,256.5489885011522,516.7192950211513,2.7366178714779297,42.44867460497501,2056.0500669073476,173.3781120335877
Patient_029,25.86560023511936,,2015.9819549875679,622.0770885808116,814.8886599726234,153.22324022596754,57.009547915645996,5792.009144203559,190.246104635231,37.116337616179244,1483.087413719857,1667.8991303720575,873.0463955168661,13492.023245979975,2.098669000278602,1540.1581703326765,30.28343258562643,629.3351478422954,6736.780037430788,1532.7775828295016,895.637815000837,1691.905023997246,403.91103662901355,141.35859908955018,10.018941492917032,18.021965268150655,3880.4294383475876,66.35582024654921,241.52528104392397,284.00332675995674,418.1323129413815,412.83314344162096,1353.221186766046,255.82389850846525,381.87124612148654,382.07388813323905,476.03475454084037,7512.401440776923,323.1946530020672,87.91562958967685,1480.5795159730767,3555.279168470087,938.27467025932,93.9926872626392,808.2196691087295,147.44334169797912,9.341690355882026,439.3352441196547,2176.222213901409,479.4902746095192
SAMPLE_030,,1804.1489945081378,488.5467731868496,10479.316402283093,427.1966432765715,33.9858560156556,1489.1297871705679,1079.1960148737107,2136.5922044766544,148.4248532261493,164.33484687009684,115.41423951703413,322.0227371433682,,2.306648269453659,925.8829406319282,340.33752739222484,760.3530141172282,113.16083415002673,,2404.3604411021483,135.66315931937723,571.1192269662371,508.84665849189867,14.79580614533598,910.0930449201861,148.11191769895692,651.4122457198256,88.90926183382228,223.1888895763308,779.1938897511258,69.42089850256522,4964.057044423495,336.8545351578766,687.3153138563098,1012.958297840072,82.35004105637941,48.04215609224566,15.69446156046946,194.01531048639333,239.38657961209648,28375.376114454444,306.7824902096292,867.2192782519112,4484.879426928044,7939.603776803742,454.71352429830824,1116.8484270836288,1578.1600224921488,1129.586223164864
SAMPLE_031,399.7430628811339,61.4204779688931,99.78392728750666,,141.69870786982128,241.59106995424253,1367.1942585858988,2553.427485877573,352.46404225222904,496.0128759470626,36.490662293017756,541.5773524260951,150.34363294587016,31.898069035759015,4.8673987226798525,319.02164190468784,269.1464650435357,1083.5446723452258,146.4017381969039,11547.474074632726,2493.9985170641216,810.779357993454,,118.03197515559968,27.477873411076136,1762.078082545951,2999.7069227778898,3514.6995297185526,161.67375614070906,80.22055284558093,325.71320152214787,8.557247914429917,604.4291339373667,491.6178021574792,243.88853999583424,22.866877993114127,1493.5747915451257,303.15397230738745,26.7602372631864,0.39284804372160204,525.6284500346052,8728.55816314897,8642.08554630209,331.2324918860215,179.82494881381675,791.2711497983316,4.617410637943429,286.6908900739481,1071.7429565566347,2925.4865346983174
sample_032,107.02358909009882,103.44201831210647,91.22523570748936,61.21018055534528,130.22472655195565,,1893.7451355377539,182.63061376038254,,,195.88722871533452,236.07689420734485,11.609185646363166,1975.187276364491,16.640617192572762,251.10944258690742,30.740074821433954,912.0404567103293,65.2885009817809,,1314.8646450368274,51.594509690664175,1084.5936068502733,65.05556245806744,96.67319971901172,,15.747674250146545,1992.1167733166487,111.82858649639569,127.5906696469335,356.21756068379995,680.2046478567488,81.10950316083036,672.9191871759385,933.5465435542421,707.2629352367704,900.7158963322629,388.6776499572839,44.71938265823543,33.22414083957876,109.69002507080998,7.644239488043279,1376.5698938040175,2551.3225932912756,12.818677772960664,86.13219451059065,52.25542066692772,3991.6499755266377,350.4127262059654,155.83719411330625
SAMPLE_033,94.53174670137633,1104.1559767795347,129.19968814030736,63.80592444708875,88.66495171763324,114.10232857683857,578.211798650741,6969.172144519349,501.17592617216167,37.031781788004636,130.56525865555895,69.42096286988308,1657.0955942939622,466.65704378161814,4.203261659846504,46052.69474542143,43.51955854754169,136.19517235453787,358.9195671937203,4006.814082932998,473.4269405768674,39.15125322423421,2772.395823331657,182.70965175624028,797.6244766117286,1739.2309108820004,90.77714692496292,2371.7149225825833,372.6493332803534,,545.5459846038538,34.12064747990877,141.77029579306773,2875.6864660897995,296.96166971448395,136.49273554245303,164.98320577831552,1272.438851900125,3413.7945879635936,5.887088419953957,568.0424415516688,5086.315181401503,634.6339060000224,1295.9802018871271,90.1713428143792,744.6691042938021,15.59103144047353,,2016.2612182007547,22587.720789001884
SAMPLE_034,296.70255643575115,228.88423376558936,455.72150970887714,124.57209398612497,303.9021354942424,306.12284083992506,619.3225538749327,4396.791451395663,68.20544715015576,298.904643979456,1458.6442282381538,606.6016425840136,18.272088788258362,210.738372031537,38.55448747340505,370.0277906089605,6.209794153656935,,2400.817901658061,1624.8706636504414,279.1345265412556,195.31483254984565,387.9926973165052,,541.7229865623732,212.2246719518088,1102.2713492118737,3400.9772771787093,1504.6580373026225,225.15193315629384,483.1286669442527,117.11358453899767,95.96466683694194,997.891339128245,83.69727194325353,1485.138289725012,344.3303817838387,911.4452980180407,236.6835844591611,19.800426151766604,1320.6874218786593,299.9520403554887,2642.4355818237805,87.31265268454736,536.3952687388464,7178.694472587011,4.60395285992947,65.96335046126107,734.2010421214244,608.008534920289
SAMPLE-035,210.4452517468411,292.45258959259905,882.1725299807921,1117.8738574822073,338.2238475247909,332.0222867175302,1319.2191836428328,10530.77221543525,252.9995373936997,12.534850530537273,1064.4474054908053,604.5010141135691,16.931109392557797,1869.605859849465,2.468445008156266,334.3138701064438,,559.7694724470342,1972.0175536905651,372.3571937534709,,229.4142643440343,2115.0621216634477,1252.8367320350167,11.805118263958608,,79.47521753138469,1166.6955589362442,,6778.298678440068,188.57369781176703,71.913390650004,361.5511235473659,389.29437088124564,1628.93046720269,,142.3094519890861,135.85494192192746,643.7134946845089,379.927703135988,468.33934258323563,,794.4012118270224,3756.648039829074,110.41790021912493,560.0537676011927,,386.58741083646873,451.37277078672395,2084.710728974531
SAMPLE_036,2.1563822735507747,,127.63720728732805,13.581175919642556,393.77664628567874,,391.41249928775056,2544.1346606381467,3465.9972151523507,388.64970815335073,2367.374621626931,2204.302321209824,493.39373163169137,,3.8094580989323905,108.09498302251733,721.6174656571369,323.09513139894284,818.4742375005925,1636.4936468148244,426.4502265063946,4304.541731403329,274.4172337417827,666.4903104771445,15.768044044517932,47.51723198349303,70.9330713352688,328.41853960069926,176.7791564070327,152.2576926969463,31.98322921391698,107.2089058920692,38.95675948918911,,555.2540183924457,28.090089840082985,434.72512682655986,218.1226429585028,249.77340347656036,218.05265926405457,70106.69188556667,726.7025161500355,562.4550389745748,1799.8795424340294,610.9999662951428,126.78913104054685,,55.23948261308933,1706.0428140007316,
SAMPLE_037,2153.9667308298212,128.1921936578428,117.64778593237865,21.846974972614873,,44.29556958803094,718.1114197568553,1306.7802544188053,28.805093431581795,207.03010872997646,98.00303954408177,902.4963190370306,4946.759445024743,2013.458915516782,3.683210197182384,100.59392497271284,1.1022549039533711,143.02873356532896,495.68435972808186,162.76604401507183,328.06328692426746,379.98326971096424,498.3685028515874,187.749860475334,61.84759722304643,667.8323473644858,34.59785878784867,2882.0081242065257,290.31669764993046,442.51764364039843,762.8104008636506,172.3042618659454,1555.0108652728054,943.6843327733811,195.80318733202705,430.0921019836639,124.3298660515042,793.244624610957,147.22284174533533,21.367811089018474,,36.35037473780559,314.009434586471,755.7663426291008,564.0182164505908,83.8447275883358,137.8235164044018,49.72234726570418,1454.0483589062733,881.4848274226231
SAMPLE_038,47.178553715734544,2013.2149691278978,56.81783077863721,839.969276944305,820.4503843911249,174.36630083446926,3884.0461495615295,418.70401534052,475.98137424864467,79.90109222131983,165.36033797821975,2443.501922108018,1448.653990754149,38.07479223044652,38.981650845915574,31.6311446044135,,2279.7777250971667,132.44733113810852,386.39560025216804,76.06094947213711,245.29654216251356,439.91094794045586,1602.956823027764,342.8024593020878,,,253.66416706620768,26.9422934214304,128.43215678165973,1120.9875574564435,1370.3369216558744,58.44052399469626,252.24707926694984,471.6123873647557,,205.22814745033517,1273.3209172821212,76.02280298174809,28.57072278104177,1243.0127190091803,617.4582692427725,371.6421978702495,557.8277373041731,388.6804430458517,224.85657933129747,14.002251593303734,2005.5778511809265,787.8441474578107,298.14971796312267
SAMPLE_039,353.7929979111562,85.09707271558821,1978.298483838575,368.3734907436234,155.71489603683312,933.2414591023737,45.58690631666907,,51.493252013352944,67.00192876549683,2719.9331198527802,20576.919476442366,1147.376938892002,1111.6682724802743,0.36972125532088385,169.6723978551543,8.528431536188375,165.75389459388387,528.6988473092242,352.4635741431741,20.514711702526405,1039.7283794448704,139.70166757952177,712.6459369118261,1077.948790648075,86.66492996693906,,226.06841915128737,1755.1226840563527,8117.090719663982,41.69426053085483,255.82318348582666,185.22423568171982,523.3146653415533,25907.326676828885,26.24009530212061,,1359.4450622724912,788.767690817422,,869.5212399046043,339.8503012442276,1070.8422907356469,392.9476877086288,1127.3892004483755,224.9917679229789,36.34522485609865,174.48216445831196,1839.0354333188834,
sample_040,8.703556031132168,932.0664612721763,87.50596784352194,79.35921312865493,74.85014294404529,,19.539214383302017,67430.77771896754,1504.8123626276881,75.57799244411211,186.27965583536633,,962.7951647218367,1380.46238096092,12.679510941355566,438.0141553052816,20.67806477711262,335.246337521111,507.8937592394323,3919.57415515762,973.0418297659716,4.113467917348256,1867.7222260195201,,46.69458042153753,192.1638725853622,958.682064295098,1438.1800212388193,105.58729849859361,792.1765887512399,61.38728764157341,15.333047008639037,145.39541401795938,2236.5631929174965,2049.710081550987,539.8936732320358,2051.1814739083766,1461.9983709323078,59.12004053558804,55.80953527497018,,1895.83580068183,4255.129395353811,1902.4935070925455,751.8029634765852,1950.2340618377084,19.838616169520797,48.565080804572716,265.95328420134547,151.9364405997335
SAMPLE_041,100.27931964526326,,222.28260959274976,330.39975573209074,16.4524361612022,,1310.4221508805701,380.49555642176966,2748.966997984097,794.6748299906328,30.44684315182321,498.7328053753463,299.97550208640064,262.57186599415763,66.66202133275685,734.3554357001332,,31.02592877642335,5804.490756217616,209.01751179722316,,1516.4508077106475,21978.263345608255,128.28286394699444,0.5692528093919587,1302.5190135289147,12336.41255339549,8777.504855116858,1334.4060078745006,482.6350450497999,,57.22864284048507,2385.053526085979,4142.073370864558,8992.479572314875,97648.7522692489,,733.0086987115079,401.7213114784375,3.2861750578546696,426.40232096559055,795.7377666812596,756.8395510246419,2351.2530452110245,,8009.106772310255,,487.34689008605346,511.6857291092376,1669.2997024321216
SAMPLE_042,1492.872298023335,80.13297827753942,283.0704384875405,332.9283174480119,44.09790604785061,296.6118642538952,554.8718514689502,,1346.0755959259084,,2543.2711947687576,1537.181577969651,2418.7200423242316,1183.8785645927544,24.14875700219845,364.6414792824734,0.9372644663288623,897.9128647545616,23946.593427146956,10303.829195976701,6172.180515935003,8517.555789404996,2226.5473818301903,1930.0143016803195,42.94489704715482,529.6386861570575,1462.3185180102894,8240.66243926954,711.838663963366,520.0189353967177,717.4033249446761,974.1933834317845,75.23331804870527,26.73516535981796,495.11979398924456,75.52484854868916,752.8569217711696,1404.2905694798637,186.03693306772362,1084.0968064863223,2681.1672728359677,2855.013722698443,5957.95900628251,230.1118037545423,7829.885604717802,928.9952286811669,187.59349287661317,71.97895092902328,56.32594913062087,5502.829156741715
SAMPLE-043,665.6856290496228,75.25099104733346,193.42926691121056,4360.825562577291,58.44221887015348,24931.81289079232,258.47977184734305,5225.676284986222,464.43658392136473,435.30378354207244,206.47614139042227,1468.4282097595442,1289.2443582649594,234.72461627719207,56.83000832068342,413.26779065904805,50.07897446601131,190.93759533531676,18.364769443142162,1379.1645206807937,83516.52097479733,3778.7068180499086,1833.450625663777,842.9527664836346,135.928613710436,2504.7409575163224,57.62331983485261,7013.716959860854,3316.0876693782357,4259.6411905419845,1578.0484489927821,341.9784301475384,3397.1192966241797,4838.552621808141,705.2079971655523,242.07822007657825,,29778.09598176919,45.21367651998209,5.654860509377435,2003.070367671823,1821.7920612661178,2655.864225543253,2772.710560267817,807.1729061971186,,3.1449093855760664,111.54433140230016,766.6746664558087,65.56725348123454
SAMPLE_044,246.34733123165068,7594.413344837142,,871.2210086855217,51.453751977734726,427.3648263857132,665.5283767219235,,8427.851128271728,401.07589497734705,74.36353858887863,3067.700983612185,,11099.092987369531,257.6375921363455,167.45433056242516,,118.88247224782876,1213.6637599145927,,6420.775078985203,,,1778.0611441818742,29.03302626548092,,26.725029553727573,1316.03284251972,34938.53944521546,1183.7535247122546,509.0863308229402,173.47542044076843,731.302970242058,19736.65258914644,24.888718538006014,,144.80741398176193,,194.25124501791876,228.93927791028827,83.86791481434855,3819.5537686048683,74329.83630463608,,1697.2644099997997,323.4069374619114,120.78465024576973,512.9522428033177,290.9771319417009,3038.096234027258
SAMPLE-045,8700.249490378326,270.6685599452923,3380.8070836712704,56.077952488875646,88.88954071927994,3033.340836615303,18908.060896397474,3141.130552633322,477.62878237872815,146.79415424054267,57.908035094192776,,5862.647388940342,631.8094229290188,6.426980382320154,1679.8520774664369,34.43197269084505,1015.0943234197518,80994.28951705752,1246.926355192251,569.6828000059064,286.9402913656575,7245.742183990699,976.4376589384091,40.5615175165851,10091.749106045365,6214.719186221064,320.2434883515414,31.78780335613064,7170.499120944665,209.00416656687003,,29.1759864519838,8314.70304741766,150.75508972561394,2532.8983094893433,1927.962600088914,329.04717858839854,202.17365207816752,272.9897212462631,1801.6838297213287,4759.612070826913,68193.42596087996,107.00012524972306,22165.329139749338,1284.7507454905508,11.129519044231577,45.20249214221975,656.8820095115569,6632.827402263325
SAMPLE_046,268.72591773281965,5794.130757952502,67.9104010123943,562.7716492836676,52.17856413140009,2493.9572026874825,6453.204211325637,776.5513777978452,7.7272522824469805,210.27441769906935,1206.7902941160316,4075.3244923211455,11076.322340835133,207.35945365723447,50.95636456751628,8905.227372099667,,2032.7580792388478,746.2875749017886,1679.6527189388812,2030.240745241921,382.92455476632983,562.4764121095022,1438.8346156357486,18.442329738689583,132.50772673271706,,,3035.7600122439444,2688.853649074549,32.080095567725245,,8681.327958108488,285.1477631548348,578.1529183360026,1561.5804501352518,7697.342907117653,1165.053281891544,143.49124238745605,1026.9275599983578,34060.25179224534,9681.020252824164,2266.7062150024653,417.20871290370184,270.5622036388816,2727.129058940629,119.16737724904407,6177.0384157838735,2977.178391709228,84.3750467687143
SAMPLE_047,2245.7304069548773,63.308065765209555,463.6626112183912,902.3427411043206,18055.063365374324,349738.83809588826,3897.2882418125937,1190.9184810355578,,726.3896152140205,308.70568444167424,49829.155037750985,1812.1774418450234,3492.202699647512,49.662212580289015,2223.273870821496,342.1242575086605,376.4253624856715,677.0137302848879,268.4878142419889,2395.1333899385954,3740.3523850004567,4326.935790008293,27562.206917776857,129.2331849448021,3117.7322411873483,67.648747126917,470.15600324569834,3199.7326871164805,5391.558136238028,422.2288088080945,290.19671718498614,65.8487283709443,876.9525690430773,,1914.3111375293483,,2003.9684774967623,426.0284127554045,24.178960877220273,5238.330440533754,3546.545752227603,4713.303493911274,693.3966412109205,25.01022411546059,7672.165587981855,23.700705555268588,104.86988300859566,3216.931254013046,623.4031964720056
SAMPLE_048,2278.256815572823,1158.7910944162,3167.602362024079,49.200991489765144,4404.927745352828,2074.218081551922,672.6572482711815,2143.795802131007,34.29895408640804,306.70360494869027,86.2044117490132,172.46056110789138,77.3167411617096,10563.811997743156,4.825462433408175,16458.380574320312,28.807577575214015,52.90676424921589,247.866605144542,17989.50954104085,,343.0692310358039,2531.7259636423646,3338.6551121231273,975.5575076540089,12688.163176543803,252.59990887002084,86.74373445672262,434.6831158789123,1868.1628872304134,126.45946305845318,58.94271468330038,1878.7295344281129,1527.7192811834225,1414.880935726705,173.54769940775628,1241.1656644617967,347.120657511937,2088.3916330753987,511.5829402864379,53.66327094156333,311.9548709580013,131.4672451606505,554.6968920832204,1038.0649313214444,78.34466880331104,10.676708307873216,81.33638673885326,1340.7739607917,1430.2950824375018
Patient_049,92.21776469588016,,345.94551584445963,352.7130571456962,,14471.239420958944,126.05124551981268,7374.271429281072,3615.0178701037057,18.605046192969635,2400.3979863390823,31358.873326605277,158.78901795819186,273.3752309886513,93.53833200836951,1696.9227887179475,203.9221680160375,2110.8291523580774,3736.4355279232495,178.65084542115923,7152.8335670810775,7556.106978493783,1256.04151815816,1251.196921154003,8.295371735779984,2360.868293942563,1351.666840724586,843.7870862414853,6923.5964663250315,640.8958005776595,,52.6697808057869,969.847642389484,1218.3683261131864,2000.8359157701464,349.5321747134247,1483.0808853752678,8104.518332446409,191.63963896586344,4.402718273100071,34721.62530754721,19982.165365288976,189.88859200782264,6185.350518298272,,1710.868313325102,95.29865250009226,324.9861958008918,225.23468834677823,364.2506947753033
SAMPLE_050,64.98360035323222,85.39110142843677,,158.58109062875064,1697.0957384763144,18847.42647184945,460.2818074265583,,2062.70081509059,343.74869480081037,630.371642204776,7493.591342975977,2853.224839063861,153.63167879211343,71.59760300819649,5141.004220991895,19.12824634347808,1224.2254371215565,6327.287434503733,1334.5084121900973,7490.961761399062,64849.20240223293,461.20788406222323,112.64419486514296,225.5551538567516,3428.7076814577636,318.56640258907146,12909.428564674387,,4070.2488673096786,240.8413448298694,7290.430761700799,36536.26093631366,419.5252065217565,495.99370038022454,3193.9136238817173,936.071989109191,1688.4258144436271,440.3154985413303,2.5059032281973668,1452.3802031275854,480.3274640232111,800.2220992519616,24028.658769643014,125.66121953297137,4602.010971837394,33.9632468241549,299.5101911671152,3829.8868124911933,2328.3347160311105
SAMPLE_051,944.2432175454715,2180.3795811271953,509.7652657491117,191.0639012426421,70.50678976224033,293.3450682191223,264158.53856877756,15563.088694049778,73.72960544530582,13.597452271803277,1308.9086567873371,5271.402466841764,3216.8179794376865,900.9321714610055,11.950379222341361,1878.1891048493512,88.20719252647267,21.052827034068887,1222.9183554381698,,1488.4231387171153,198454.59351807457,3677.876179831465,769.5154135080852,686.0386349009692,,1028.1953882872529,2813.473426050809,37072.58412679208,152.72008229553816,1681.1369712961919,62.299390816148524,2750.2734565126966,319.088900367573,629.2356356001645,399.6472339928902,10883.440027163213,9571.163878589012,44.67888763013885,87.61413300837789,415.14307232755544,172.54692735510798,1315.3784564117407,1025.766982002655,95167.2964497246,2321.1244042138533,4.70064971981247,179.31132484154315,5804.629383546028,54177.0809785036
SAMPLE_052,19.462906468473342,12.9443316021327,26850.58163072783,,104.1730068370383,3392.8343153549054,11.37694376844739,1666.215134545868,1513.857625496585,775.8762342707357,88.63948006987872,2296.661863830719,226.42023381721305,2257.5629325195378,2.9890550471597317,499.3457270016365,12.586356195786927,3691.6203439226183,8671.930599846746,,1163.1886850260764,67.85579922552377,1106.775127536822,,14604.994022331106,126.41694664566421,6733.897924122316,,1516.2570569896857,27714.825716622523,1400.3503363564798,665.0912396214128,919.5787507835987,15086.105860527443,,220.41782972142343,174.84198170194435,1271.4674032125538,99.65586881531054,70.78992487399319,,,1799.795465520041,1984.0705144176454,5555.132474705451,18.654334228850065,18.828123976408406,724.8954181640418,8006.934338595662,520.8134109031569
Patient_053,11.536149187428023,1164.448046833855,294.90496337105645,67.57472815726948,161.60551293232518,929.7752901695127,440.2727252641719,31.256117971756606,4217.751453972816,1458.3804799031564,1776.3743000546951,253.95088618016908,833.36546556388,1408.966920537515,44.00972275348828,3466.4735414502284,20.157335332054643,1325.264743009539,4212.196140279754,26730.575193706944,3859.155900950001,3809.11225682258,2207.269856849852,17136.070042124917,272.94335270520776,198.57521641740723,6035.755775743696,3314.52603474515,412.14504912465986,493.30051910536764,1222.3418600070415,759.8874368947232,1443.2588691273975,2920.3568052309133,28443.909652541006,4677.512650208949,2648.295802894295,9973.143815116477,65.57859380657393,162.44339631927193,38662.22799049271,1122.7041451927971,422.7450683240744,552.6389564362008,169.6881760884535,259.27982501935304,28.80352171150341,39.47612714083194,949.5936128071295,6405.51847461321
SAMPLE_054,65.97786186073223,5879.534869899374,2320.948472823664,3676.36256828617,152.1516566779091,,,8222.910792695433,1143.271412022868,397.8833852029765,66.25558620227626,393.0156282009293,3509.285849518362,258.6107393204886,34.4790538800326,88.85733929452418,347.85811429051955,124.36658767146758,4997.907474424093,5998.224742962371,309.79249896362916,2624.11039642989,3033.3406492150775,512.9606197434334,21.24863823676839,27.341342820037763,905.7474339532102,56.44118019798015,1086.2363880897142,727.7802243003093,2433.6436789963805,191.66628913534151,559.2109910097607,6225.8965614086455,2437.8469294743586,1200.897906670953,4373.020399327546,115.49904639304451,1642.5611493457784,239.00984655696476,238.85037754775635,1071.3054480525388,1811.2224368923369,1403.0036675501854,2200.0819782102144,14001.77695482499,393.3077359531333,46.69897423114274,2828.910964906124,13806.519979045503
SAMPLE_055,678.2634087090058,2719.726592527641,34627.112363575354,3631.173810200546,778.7853278002575,8503.625071916698,,1728.932617212413,445.7653335236285,2451.4888436957667,126.01720846879229,31046.364588522163,2945.1424468337837,114.84682535963435,29.030569844589486,23.75593733397363,232.9899982258311,5626.214935830115,636.7607464229745,2429.5686260075167,36591.65065192795,370.37104688702874,282.1926757470223,19479.31754914001,4466.445515696914,941.7863083994199,2981.0291591688824,10556.538118650567,240.4189358935424,488.16594447716756,6569.953261584531,6853.147968625936,,342.21515001204307,47689.955180964695,261.3855374912342,1027.9065615744798,3393.103259587848,6900.030510657931,369.1553944764715,3142.0315263517286,3827.2332631999834,2102.404139188143,4881.051916278179,12.706247756169999,624.2718261005023,86.64260954383136,62.42035330946741,1850.6701357683319,873.7270690231593
SAMPLE_056,7967.584410904703,6476.6415575425135,400.1563804553957,438.39756216666206,435.2298766491303,574.8456213678221,1857.4869155751383,,109.64311442261462,450.8735699045719,1707.427828274995,462.7591508557959,6001.69264904712,457.37814031867487,23.624353512018256,4557.362922349222,71.13492884435504,2592.321706198693,730.0122770535392,,749.6039592788864,240.08868513082513,1380.8164699010388,83.31274017735262,53.926094933844546,560.2316184636536,304.3769368174014,611.0315676077593,818.6683253335935,,3459.289870679771,102.49974114427049,116.02101300919621,255.55190178985112,554.907155454261,360.7862640081407,,,185.07753875425408,110.01633305042849,4345.60379171974,609.4863697894017,924.3717463894861,337.1095494818426,1139.9178244527832,231.20569689595814,157.43966454417765,19.908704776788266,483.27589683762415,2170.709729184957
SAMPLE_057,470.6819088254855,48629.34657363629,1737.0533688226644,94.38062244507158,418.6956639165606,52.976328251651395,1130.9974398275062,369.71525648495606,,54.660114217868326,445.59542568378066,627.015323082982,27394.27898926465,799.6014553815835,405.5253383267096,4506.848365176666,179.971986006845,,3757.352431001886,60.538074936025424,657.2745916456176,4213.857375387744,1738.2059749092377,107.85337809359574,118.79071301983531,20100.824637424812,4554.155990412577,844.0711643778859,5071.861987642861,604.5553718053295,33.37205982045931,62.51452331870605,16860.563349078977,1018.3285868336702,860.6388028793629,396.246041528364,57871.10076998407,34201.27294646827,22824.65922225673,59.6073889537731,2535.1067655013308,108.42096695229063,27750.034447771162,218.42915178165893,1782.0113485135412,147.722389961727,19.442316445409386,109.79822592888789,309.12497555207807,478.37520916571543
SAMPLE_058,126.01444620565192,1710.4690543191573,126.6658375971374,855.4337278203423,4452.880351712547,514.5718116462435,359.1286776622512,1093.6649881937258,7015.264206213395,,211.326502179943,4702.9867553571,164.68444224029207,4860.01848590365,31.251701847811965,598.1400704054399,16.70363998881235,231.77101103801104,4843.078815137156,17769.664701496742,344.79086461364926,2100.53103725907,44.34389783426626,472.38886057667395,123.44369763343666,181.94347103385857,89.44992190953549,283.6782927943978,1548.127627399323,834.6509961024672,12.754340612651857,7.258530564286356,339.39870624011525,3800.7029827624606,9.490177852865777,276.50523988149945,728.7140554286985,22299.06651233176,210.34585278107835,158.13373410059685,1920.0947334048124,35.907939164036826,7748.723378773714,2633.7885868329386,3011.4757291608394,1248816.911356109,1.317859655761199,,550.3286146843382,2117.535676057619
SAMPLE-059,311.4872299767976,177.8421699595815,,1040.805050515372,32.3970480040111,5004.69163667688,618.183186870201,216.61232273664012,373.27489623371383,1412.5831869867784,,3752.5526962050217,321.3194324316304,5578.134785346726,51.44403973458388,29009.426444261353,55.095387123113895,3809.884571724516,2206.4855548435507,20043.342947769514,297.7319814355592,3518.7425104462563,1336.9799873330637,1205.4107990994667,153.98354001560253,1473.1509722489564,391.57541741310297,1388.9839055226337,15669.432045907843,6891.302139897734,3426.059823522302,,204.15905475472957,9308.157768010105,6455.258164536488,9629.160302173193,633.564891509966,1212.0937507172162,21.992926140331047,39.158320552491936,,717.8684957468749,6157.179171136451,1268.4605962627436,2161.6013947609667,134.91363283424522,65.41746345464382,2.2742992885279416,659.5171862146311,67.0852640421421
SAMPLE_060,2963.3347368120913,1546.663186475609,2143.7527930559127,8887.892751413843,90.10090637182817,30101.862728998927,7001.499202420194,1081.8572487091785,6479.862336449694,20.065028859830488,124.64436230164614,658.2031299132319,,212.8412632255914,135.38603289160795,,142.5353500287421,409.58443127387727,69.79405051026404,3162.715878869099,34.74490812838241,813.4692426538526,161.68607906696346,,673.2684539690166,1131.7077057715692,4694.103527012087,205.71161616301876,2433.5769940837786,1675.4962726630679,1152.7711522050204,3260.6243736207225,3782.039320970075,2804.0163027919234,67.82756564292366,120.74256982506238,1506.6613782038655,,,6094.115648988978,22819.626394077026,4913.742046113589,2213.1602353697226,1219.8568079147997,217.4238628997443,1224.0793041253603,89.24334133935298,53.013559034432035,1684.8615395080965,954.6549428201537
Patient_061,10.905058667285118,81.1118326171761,439.5781364087572,17196.683748621577,1353.94195845636,117.12265896639285,3136.303268036186,102.21586032371235,5891.006688005159,62.946325754336456,464.53872859882756,21405.625903936176,118.06822292484108,115.3000278213722,5.238849392008298,6747.7347695989765,4.905015045636989,6.985911278213982,821.0210640856002,5251.224610532955,9419.743499811155,399.87777922618096,905.1094257792512,10798.210882902174,,464.8844106103653,680.0412196285735,,365.4767035789866,1244.1398952186892,8.131119693198766,100.94648644800338,,284.5691287952889,1483.1710400360319,1519.4665374693336,1014.2847801944819,2490.2213551472905,74.35669661237623,54.71624327670835,4466.034052588017,2205.102806531993,676.3793642182906,2675.9358104194544,4365.98711022331,26.59132453133441,452.0286467991665,270.550350044197,1985.8513558419193,10892.837141445556
SAMPLE_062,28.62463551392942,106.4343184877849,550.5500083253133,140.3132913263735,11292.18077283929,277.2442283083453,481.04006321053515,2392.596104955782,96.396426639969,,973.605257500623,1081.1995148659423,1012.3814393713166,,0.9807223602392758,1857.0565002291078,1779.2738760311458,1181.9234802773487,2774.1789871696865,6768.157057449998,110.53111826457632,19719.746732012936,2732.0720015330226,25526.102552346078,34.891102350800544,24677.264947816035,1948.2178309713902,2553.7449800626628,1394.2314412200192,747.5897682325619,6220.744412969032,424.9984182729936,29.335764251185214,223.22267996687222,954.5535234851632,1187.6623689397413,1697.08656503841,16439.454996429096,12.551108644130545,102.7726437833961,56.45841481967485,6525.4174894395655,1640.054427104555,3803.826663571769,254.7576325484548,10652.141125466209,365.95729054179805,1416.7155704322454,731.2753551222204,3585.163505374147
SAMPLE_063,,1780.2730985821606,18022.406278954404,3951.035848527211,,2484.0355346112915,127.52086298229088,4640.310657431291,,5.076577698755929,67.92330170033712,1182.4278213223756,,,30.166812395021594,1636.8561545225357,53.27124321851892,293.34542005177946,12213.626558346832,38285.0956248001,454.7197601433929,305.80539921057215,4595.337766117046,710.2816170986255,101.57285055465319,3542.194976332035,,10125.25635451166,1042.8154837527588,557.5310749812602,610.3706504101998,308.5273581205319,44.852104695152214,24587.520060724408,1436.7691248971307,1508.9177083857135,10418.279032268283,291.5465463443959,986.3800961646554,49.02385209998878,6836.658359804345,36.124406769627136,1626.4266581726863,603.8873812634703,2626.4155131550915,2481.352009804844,15.700391182048977,137.52473502531709,756.5158256454465,251.35348055555264
SAMPLE_064,1538.9429066911378,196.35984319771862,,292.93605819007104,76.67694558760971,68.77168530494671,140.97277863462836,2016.602178404558,9171.826895591379,258.2785922679329,184.54327202137281,4472.052009945943,524.1586904445736,408.3275770864521,1.8752235465587568,44.45993087946106,37.4579295477274,1519.7054388320846,1554.1935999392156,919.9714872002851,197.89747213805177,2750.9251307519557,177.2899070732097,5469.62131538522,21.492426292543882,241.46940155937358,34.43856694356621,382.72631882334235,5294.463927603219,2958.200611848536,4170.735489049391,844.9642038578703,138.7851660715552,919.3665179102311,327.47366447395626,7456.033995764977,217.95922216761656,9154.015699581989,2098.7754221605533,2137.4681154058053,712.2515041675298,5991.864842231379,118123.23221305759,587.9899686409245,76.11379446837321,36.10607947095058,202.40970598360457,16.71065221113813,,2773.8179828921147
SAMPLE_065,471.81943053507035,49585.05260682667,1380.812242738045,5747.915346679546,89.55119530638497,383.17711672133544,325.4301220252996,7380.371803829594,4243.126840971457,331.13042769875017,4627.993444715659,236.15810857886595,24080.566912391983,22118.727367269777,56.300323155218095,25722.419425883945,3.8311281749173323,444.8641157587375,492.30009594363673,7127.714609909898,163.9954456589796,3598.745779092433,22372.522278540775,4729.050109911793,217.5531273260498,158.05675494851212,105.11538720506061,8947.756016487989,3720.7583850335413,1090.0411938041136,337.79888090708897,8.61050965338427,147.23037065544403,52034.37443648637,133.07941331527564,956.0476613722157,11520.999657779443,191.4125972027042,586.5577975171298,429.36565062606786,1522.8909243617727,,,12018.18573958182,883.8247835501113,4272.419602166688,124.1840962565565,132.42753534190334,1394.2537744179097,44.549174951545616
SAMPLE_066,1001.3715454259997,652.7584222615499,2921.6206248585386,3863.184185191453,963.6186972069579,1691.9712239426142,267.7387670235907,459.54490385914414,7104.336108587526,1950.2454094642824,358.1641088982259,2138.329164154765,235.06243653493647,11770.04146579429,49.61687326186125,34271.57566067917,15.550605198033141,579.0340619254832,,6227.712164976799,736.4860102137013,,9275.736522205598,4955.02786975543,25.088206136295774,10731.334863354246,3966.9312429980146,1201.802414454355,1055.8809684910095,3170.0729837716913,151.9607627013208,348.4498592580153,21.0151263484262,8076.594832589098,80.24450370746882,,,1251.742084805592,135.89347736617194,47.25653483588783,19134.023668592017,18.87658942553749,19361.62103516984,3284.294592971455,137.36793674165747,153.68683778143497,1147.0167126263145,90.36024144599601,,9778.901375373907
SAMPLE_067,621.835483009834,70.54535481539092,1366.803938774547,90.765497066106,3606.375314220113,8756.54162252322,3406.858617305966,,19979.797251481945,146.89854136292138,65.51090685920624,4420.588613538729,51176.80752597711,229.47252694614915,7.814239919146769,2202.7967337219325,68.58352654517932,195.1227949921557,13932.490702168217,126646.68078708663,1545.5399563608257,180.82441520864688,116.80370567570628,2152.6850123868576,952.1003697540209,2200.474140148379,480.6135409094949,326.73683229210286,128.11906764475327,,3712.559434793561,20.432444730753488,17698.638978900144,4686.46416057351,,60.69820593263437,160.78114217473006,1401.2883434829293,1039.8214799789503,2013.2596463783525,5307.143365242643,1074.0069896125583,306.4473062525035,16357.895042482089,212.47667025461774,19964.73442103597,33.63340836246916,8679.892981432951,3133.7869427578926,986.5602179921725
SAMPLE_068,132.73662667684656,206.62130890171363,2000.746205152968,660.8426406007634,170.73615763571425,961.9399615498668,1506.2424950784787,35.89193666908954,1914.1728696119412,25.19910706309796,68.96449077624162,94.42022223412718,47.4250488119087,124.2809708352699,4.180132548625874,35022.52320232631,29.3266799345012,,3802.8315257485237,2462.667726184821,944.5359597848935,107.05263461024373,25855.880215749414,34998.776309920766,6.314860038766273,148.09807557356038,291.7017264071911,,2274.675269747969,315.23422613347265,35305.31492066974,2814.1770445086586,1483.5099045316063,10590.162076450211,9763.310712915933,246.32175047474587,432.3936993907218,2108.958723540721,1983.7363268104996,101.93849471468951,87.11885049348338,391.8558655360657,1701.6595147834523,1559.728143878439,42019.02957923545,87.85616795771361,139.41747847601525,7230.911235350239,55079.37786879945,609.6596709050789
SAMPLE_069,818.8110905406157,1064.3190823895293,1315.7637349487288,481.40682057524225,1089.784950641828,13.58607843348135,4463.372134629786,2078.4012794025552,562.2145089630109,5852.702016019399,163.15633272625513,952.8317242260555,43172.24043634299,318.82426355692144,5.564311017482681,798.898931357257,343.2308195419986,1662.0715685619855,180.53218750565577,746.33886079913,363.89086766210255,800.9924480208142,4085.2668405156273,2872.3470997854292,5.3381016013048805,6350.062715488217,760.5290688910001,11407.219364704084,2035.3265982240605,8489.515629504744,1659.8282870615917,3724.3366806394665,2590.4425423367043,1398.0840262134138,,3367.7862510862446,5277.815248571103,184.18563697060796,41.38169543009269,134.41725277294947,1934.8887454995004,550.351664725449,2505.589343774171,31194.384592135422,4217.620628222525,136.54633410732515,45.91061481518852,116.37026903421275,459.4643095579573,599.6271518783993
SAMPLE_070,143.09637223499058,39.85620898062447,735.4827008635176,209.67114127987008,2.5496913679402455,52179.14752512635,,-47078.08004332885,,17.837963003315604,11636.375056609097,59879.81471055486,,8997.53168344121,20.53430458658527,,,1449.8941940794105,816.0281216217303,,921.1038472951599,795.7365025366195,2085.343824674021,200.54232048759462,35.911665006119186,92.65422120161661,2805.8404563341032,21.320723427020134,7297.719670069708,14180.666714698315,416.0322649759734,3.045883245762801,528.0409563230605,1485.5999536700308,216.30496232550698,268.90306990709695,29521.64235611773,6064.218672899684,79.64481598014399,4.474445420063905,826.5296413039359,1132.0165496604502,4748.903036985374,681.9080491616107,3029.0405473006076,34674.38783620389,243.54800750726253,454.4816025420243,663.9788310866472,664.347001193982
SAMPLE_071,2831.1379890554113,123.39093749946267,1003.9588591377347,,201.49577523845053,109.57953044598119,2338.555868735923,1483.896808941375,2064.7638175830575,,4949.6315048853285,406.17426327798785,26103.62708577646,61.350583620791355,32.75864170630419,2449.5397642546413,18.048785081068406,2454.515359361608,18504.483192697353,35.97445980646736,,10.349745433817887,333.7616432742379,25402.77948492614,45.80913757413537,113.08528343833352,338.01913266418336,39029.59309108051,33.846193513274905,176.2402394089108,10615.440844230941,,839.9620038565998,179.25522075820618,58004.99309626696,11988.94667356806,6378.1421352157995,424.5237138794992,385.1140567123602,59.466478959418325,2701.059278086551,22646.954664309334,9465.99391434058,257.02875544488,14371.40247429369,1870.792039320523,193.27821343949515,6943.007342132436,124.84546180001144,1183.616907205715
SAMPLE_072,129.88665573983695,22.700226576750488,1727.4185508215553,52861.77931767791,18.116806105021,1222.9038046608025,4141.9088869041425,2066.8372057598453,684.5131018383465,14.178366403108821,835.9812701968586,,23.249833535995563,12241.85869493005,84.07213292792049,1142.381005206443,114.1388323470148,7907.349685155573,2769.566512023901,9900.244633429693,635.6346996953803,9763.635791596857,3381.3761424089607,1918.7091423682173,13.271001042328582,1568.141953570319,107.97195959982943,299.1470080052708,210.85663665931853,171.56857217561785,32835.857026559526,3625.864396462084,32086.618880139835,184.54520259215082,1516.2914851898654,66.24966201780114,537.1496726154263,350.95693555541976,,,10187.83614274286,4931.486202637628,122891.87064975203,124.64445251015587,11636.730457150172,8383.936942094359,9.731132970051629,3036.7913292630824,1690.842237937617,838.2857046725835
SAMPLE_073,76.72261439711961,104.59804475250895,37047.90999242901,575.8591674297526,2032.0775339172283,312.1455827183132,321.2435178196748,11612.14359953491,73.92869880312522,69.61095693286107,584.5482995160557,2405.338153214392,867.6506252820973,2906.8520583591535,52.12898043362367,3905.8385933928803,12.815229145281968,685.6013570826966,15886.228205071495,,91.73876028130294,1732.8335206884913,53.93708597433816,1472.323791935628,3974.5701060614224,169.85061230907874,107.51269457697633,3733.485895755652,56.92939745969504,374.37083667615997,,105.39583884083835,661.6831950416539,6365.447072600622,2848.5034235536878,1098.8475216148568,1020.5606905790208,3566.7214905550027,336.66000402408554,180.9301452102961,608.7388187976032,1196.7369545059632,327.2048302274342,1678.156600047113,280.19909585680625,143.33659969075288,89.38941769912493,726.7978250978839,3778.543280763307,581.0229293670329
SAMPLE_074,704.7023449942916,1028.603670258909,2060.9004962175604,130.12004229397263,650.560454948018,2496.2405777396807,1324.5870131487845,38.72844139289573,1120.1519256242268,7886.144479572185,287.5852642888077,530.8270794492382,2345.33715979043,2501.463352506594,128.18877443150245,108.17145616640607,281.9037077970156,3309.443188471947,1431.9192329907971,3578.5763043633096,6926.538380739752,4424.962506451643,242.54541711895078,5921.820247742396,116.19290134993838,,550.6751084287871,720.1119212042817,7815.999120498014,1005.7749060084246,95.53616269473792,162.56597847253906,1395.7446502416728,15240.201956733947,3949.469335161618,147.05116491382003,164698.1040567998,2950.9654150159167,4177.614561371123,60.399144467946186,3889.024338512566,7532.794665541554,17418.02510679384,11988.79635744383,5797.931887243526,603.8484177464705,20.0508062167658,901.8157817596804,,845.4922357411367
SAMPLE_075,2299.828702468881,5214.674833455553,177.84774016885638,127.50770432532327,386.180491848869,2254.7432334000373,508.62659205419453,18886.42816998933,1800.2100482521528,157.79732417610734,41.4692806779467,184.28926655999066,1986.190361521124,30.682064778134006,,783.055274045348,,72840.30885898865,1334.1189444210993,1606.2805101966558,6516.799847897149,19743.11492364428,99.50137252373887,54.30620978594594,42.60742746349654,2670.587702306169,1180.582068800664,,105.57261767701347,18.08615898038656,3358.042269988066,74.3426186929817,26.742517247181386,2165.0964993671473,5560.716852430085,545.6846532721163,824.189483727932,1375.3177543848908,215.88446553512685,7.011671511553403,411.3488892596226,4248.332832927255,3468.688223864302,2418.6687315139666,201.1467405756653,,1.1148224506869415,683.3278387182942,12086.748788524066,88.88811188327053
SAMPLE_076,117.75551539808437,690.1535251976553,8825.691081264093,256.67989051691325,,37.4507569075899,1575.1777372906151,65379.949453175104,,141.20385153470545,981.7515093368792,1929.4870830168854,277.19775575437063,,22.487316104517948,1074.4713578843528,13.058277804250446,11945.25969530453,6118.667680121034,718.97431972874,6590.448777682006,375.8619385085197,464.5259648305681,344.6911529575479,5.385810694748026,2186.1613473993984,17.8736869861125,103.40415340610316,21.819327728689007,1001.5263395359788,546.8152780906438,183.34772706587145,154.91754546373758,202.16510458553228,3076.758309589263,252.3332441986121,,372.35379358927344,582.7191233404735,,4276.821586281089,791.2652199037317,3088.5856299321727,1158.947554819973,1223.5188557722458,592.5169171326276,41.74621832631339,725.9526432919026,154.45077802197255,202.80285673333972
SAMPLE_077,27.768541709388927,21.413763796472473,103.46119348890034,766.3711388988612,99.67973871360434,3266.8928483175478,1391.8923581181004,47.890945183247865,2727.9190135712,632.5405482429593,91.89413948551211,4193.621128386748,256.3285996829378,1699.615078374595,1.5380010402481488,41.2763043787764,37.9401589867224,915.1275181536298,903.9836395395427,230.86385001670104,528.6220295173449,1494.5492791970387,1750.7793093873438,1879.227888422561,39.075039252945146,,58.10655067436426,2269.812619606895,7679.107079805238,2778.9834346387893,497.7730574089592,127.54930522418789,6532.144873695782,128.7343017173868,,332.33387484560666,17436.20931600663,3629.585887732986,73.64895763129498,45.39977055358152,492.7910707270202,463.29217163297653,11322.097192174666,151.30947963997693,21831.463803611452,4728.16643721928,399.7995297546936,215.3846772411547,704.8801734496195,95.69279234387932
SAMPLE_078,131.4843786401264,-45164.62614216325,9539.715645666449,78.39434427798307,257.51276072658186,987.0789053220864,106.00796123317433,4801.399275105945,227.95669636215163,103.39991419693811,243.73491042897845,475.404387187131,1182.6063671063014,967.0528624013499,7.669385477263778,280.5211959509321,134.3200659402732,22432.960478362525,2378.991006653988,11685.405331186472,88.91603727763935,1222.703892857152,,94.78863794536377,,7994.787074875701,2668.892584972569,1461.5496056573918,57.97393880403962,821.3100844966706,1233.668944222018,452.7784326683935,36.624023716142695,335.80590949167026,1188.474813771516,1784.8108562846512,36.07129788280995,1368.4978254809537,544.1800361478039,366.2669723594236,5182.33291516031,4743.860122882077,460.64030153259756,,594.551297343713,6460.206769758564,689.2681539934416,1780.5990501119406,1999.6643031194396,2500.304025721159
SAMPLE_079,124.24639363696974,301.9958703831799,18669.203857403187,105.42814652240978,9095.924953911637,,14210.161092458262,131.62632248853396,2408.997203870037,39.02180215983386,43.039105214313174,2917.074092924884,7370.245244635912,311.51759217206694,1.0083869259867722,882.3242600445901,64.56661648129698,3067.9070105539327,10217.987630562046,1747.8396549042084,30638.04924778789,1378.1150524057427,1017.451276686939,74.38789093578546,81.36165596696925,510.6220502958646,2718.781401848253,2169.6356933764264,109.50718542960702,1594.417583954537,2400.5279779954776,5166.207443462442,4999.23411347334,6559.236230831901,1486.1153707763683,1367.4537301466994,17812.155132724252,166.38306991304992,224.2589847997505,19.755603508998185,2946.409430081358,15220.18821296489,663.783921722882,,574.3877096220668,5512.271326771856,147.6945166728262,1071.1113074767748,557.7624598747384,126.28748329300089
SAMPLE_080,854.7509693511297,85.01388647047096,47177.83983676147,1606.0724904030167,174.82981535557266,431.20996616662035,1106.1437973378079,1076.1343303436136,6264.406159022963,205.5842385544545,147.3267547560015,59146.24157846238,1308.8603005730868,5688.841016103367,5.011688912469053,2001.1720961542287,132.3009273225178,38.10733552973182,69572.8657023965,19855.636041081725,531.2009673826822,126.56599445345236,3548.3381514395755,1581.5652144000535,247.6200089390477,1320.7638254036233,,12771.792213436138,,176.7658550190353,8327.353759352933,,294559.1124000382,220.70262548011294,2065.1408144845054,16.022058401409833,,683.0250659399846,13413.202818249447,19.682973541680227,71.18894102141256,711.7333608359163,55.513842570113574,6908.058614254684,29.31655807426381,1120.6934950987063,1.3328919271937634,278.4339030860741,17783.063532993983,2416.2751791910027
SAMPLE_081,71.44957061233939,360.811474766632,,1346.6410747463704,42.46307640164694,3765.777665563603,10.054595808204295,532.9575836689112,348.43279240249336,459.5717379183896,572.6791465911398,156.79850864049604,203.39896899687895,2038.5099819471889,12.991034485909822,367.0348522026851,31.803624941401665,4003.314483454843,728.3546453004941,1659.9104073897656,53958.89580481285,70.96740263840846,67.71493930849124,5544.578128003927,38.47981166209038,527.5790124384727,118.31007485087689,591.2292076970368,16256.094899541744,4954.42862540818,3383.5820156299706,25.796246092576396,127.4158485391761,10.061979171977809,310.7163979624509,3804.005327245153,4764.897395603944,1229.7525165310085,404.09574579763023,22.96719616592312,2152.602685273782,6598.245005476706,,3065.085501930485,6461.939147539376,504.36428690294167,198.08046570611944,78597.46669770971,765.1746348270816,2562.577678801043
SAMPLE_082,89.54825420153985,528.8865587388674,2119.200918181675,816.7640626711988,79.32302076471844,1879.084117630624,18176.5476399052,3713.6793809106957,4740.58213360767,95.9363756739199,2120.5070263280904,3254.055040579844,216.26785909015132,2529.275584317307,2.5131242136543865,333.18427364255666,106.2582072370551,1952.4010758381223,217.46029317363104,12968.226584168064,3040.2751169166822,258.8731610675981,119.2200694173403,1042.40536897972,58.497999479912224,1146.8553681174872,251.08221153227197,25.44251710903274,454.78741839835715,674.5808276810279,2242.3455520574876,93.94206544218754,20767.556682687275,53.4182516089657,14127.345092446156,453.9422289891802,8828.852450097158,2115.26370446229,3271.4622001934786,,206.09767082465655,21437.25978361225,1584.850295297462,2663.163973438256,11135.076021585719,166.16144613893246,163.90645266980633,171.383919962,727.792715218883,1437.8703644877428
SAMPLE_083,,93.93614043925318,10532.664927056256,2834.9460759153326,444.17948332881485,2007.631207984973,769.9289601652796,19035.94150521962,585.0537011092933,223.10054186148074,4326.197808334678,485.7559906026767,19810.701952623145,90.69659945905248,281.44485065461595,532.2238411582774,48.82406615419151,38.08258971502154,815.6653981638957,,363.69971438111463,718.876561242018,10642.903890662148,1966.0868019023264,227.12697397109125,130.21556777110933,98.89246525972956,24041.79514023357,243.59151994305688,23049.071268468157,462.74572625582533,331.47618487207745,6947.868142702183,16457.09267072292,1092.586895400776,337.95291879127075,1699.1284927032468,3366.4553544320515,2092.550616357065,79.97184754323392,,31730.24479278217,3861.718982565137,3132.040684309008,,9.348024824793416,112.89842846961277,417.8126520572152,365.5168214040187,1957.005179785512
SAMPLE_084,303.24882439050015,2905.981048468884,1080.635971302311,149.9305433554092,2955.074650021868,876.7769634011383,3373.4822276197547,701.2712530437843,,171.0249716206223,,4668.829875386809,738.480491523273,52.295105990616186,6.872910633489888,4344.880119537953,44.24773366983832,733.8358738015078,10917.392311961601,539.9795878836442,67.56203382804246,689.325363397399,794.0215718182703,237.6671209518224,,2266.1471002145463,474.69429185673215,1639.9318362934343,23932.399409791236,630.822138930777,1182.8894564683042,132.0068253969141,220.54138519528726,581.8843362528864,563.4060770071972,1298.2864053397573,128909.25299537831,504.92702307307064,198.7140397354629,70.84111108641024,3036.0265381691497,2671.4309464890653,19611.723862189843,22.66811199897768,16.425388142590666,436.1117897410904,404.4598917110501,29.593368250835837,4.113124277297448,3529.5977014951504
SAMPLE_085,524.1948080584625,53.632044747954026,157.0138730719372,100.39328879426172,606.6448523686996,419.77593470714396,3181.9510181638243,9.717282893295549,179.46943638344132,19.36388309327099,346.6018969881317,,5035.53897467502,50.17637070455914,16.256053091624306,2843.769579575516,2136.7611539591608,480.38927989186055,3316.483118225947,75.65095931222147,14.651911731788143,4210.9488302676755,1879.2258950873174,11287.342683262455,11.01839381771038,2384.989597875175,13950.386940675839,2008.8428141778493,1505.2304621675223,1187.5015573413914,42.39800253201085,3787.5284667350506,336.96838381669386,4134.721819806087,80.02221779912063,81.34640919454701,24876.649544692984,980.5836692451867,5754.216745112861,,54.07927148800036,8280.840574164431,672.2996988681267,6286.154342508133,1262.28837485745,66.21231734802238,75.42530406891902,25820.354743743854,2242.3882082495193,1138.292135415806
sample_086,2342.323131717789,557.6464217805851,1349.469809691648,80.61693553981382,757.4112797564394,8357.26690016305,290.33135885479817,21511.14631733467,711.4231755419843,29.734906050865277,3312.0672158076436,1174.6734455398105,4699.840442426512,843.1837145262052,13.448850283487253,2530.7945247439793,127.57389941408276,31.494669779026427,245.7699605476873,10363.24945216094,855.9792441227343,358.57328317132607,164.54605723340035,193.75394715559827,3.4296344794698608,779.6311295716689,164.38360749060132,165.66800603430673,809.3507807979394,2251.502471389131,31021.759352544526,21.715961133246445,,9611.237626994855,328.1264786033055,980.0159106181321,824.5087098787124,2559.408715062362,6362.827794218319,236.07561106410063,3719.5650700638384,766.183199826761,134.45215309192474,1228.0982665506003,10585.036590690404,68.14086977840269,8.400165231391295,622.0364378399435,156.88962038951215,303.1640389987475
SAMPLE_087,157.71710232383526,32.66847494428631,160.2742039472889,2040.2024169364133,47.26236692961031,73.03353616430906,420.68729818768486,6184.2062345575205,588.6778119546772,63.69211832541893,595.5205559449158,85.00428903424391,2917.9226417503987,2842.767869001617,7.169424788189174,6364.839707525941,9.93027447005112,8708.124424835754,2442.367925468303,1061.3410042725184,1047.6653010947816,758.8262425775531,,194.82310427644697,33.0875345321678,6041.885411336887,165.24472026521323,4773.349625864136,19493.558483884663,567.3491240903151,2443.386001132854,41.37974769661637,3936.5217095829557,,,212.66419214749178,94.4978805836281,4533.029740981543,10.253987770050587,44.8278695782854,8103.037833460657,2348.175695560215,64830.22145801549,11312.475030379394,,1118.3877321638972,51.52901124450152,28.72588330102283,169.89881709589727,460.1012684656625
SAMPLE_088,,415.71923407100553,591.0946316848454,28.315943861161603,1029.2267994414688,4701.606405482162,1967.6531618213298,924.184123381457,2433.130923705324,500.04765967711745,956.1516182442683,446.1579524547447,1970.4917682772289,,5.117409604827758,45441.04345357618,29.339813468332085,1212.0981521526053,551.2346816962339,2907.2725492352924,47.18579725079862,344.4586872513015,265.8163298597775,1726.2788980485211,781.8762794405387,,6.755814638692379,37256.04159603061,1556.7544924274578,289.023340833831,951.003866297463,453.31142513460657,304.6626718224528,2381.189592056713,446.8915522296811,328.2884037469691,546.3310497454968,139.00136786419873,546.9175181211053,227.60232251479076,3761.817227815619,7272.4137901324075,,,5468.157042033613,92.47587011593951,11.091773975090545,87.37040580544696,,6890.063444104671
SAMPLE_089,812.7550806521148,2628.04533135885,190.10878062174856,1077.1837457126858,,5951.963024734111,1062.660706585205,828.2680515554036,2221.579288638489,711.5255061598183,165.10286778224838,1763.4702596709612,178.21022641363587,15.89239305111616,21.486138719794745,,121.12236948720364,,,35.875592140514705,12778.942552380116,130.31455119105448,18184.961470924725,7425.533235861826,25.80655700488362,121.76747438030256,906.9223196374352,206.45051749274032,,490.34843901185343,29.03792481377871,5.957168278154122,1521.671237702486,606.862065648091,492.8497692853909,2378.675261707978,15533.02455044038,1121.824432888098,227.8561896238109,195.2573399225944,129.46142062229518,,5249.589398942631,6080.725425521073,36.934537804451224,270.43717951833077,11.548301659579433,593.1891179710176,2193.5167560934906,18674.140410613636
sample_090,,155.84958984699017,7329.884812584541,980.9019887487601,4869.529900799962,2179.3871287924567,162.89809928080538,150.2954459093352,51.39887224749661,483.95893929042575,4670.700563583346,54930.66035869052,5462.963239668346,11561.776898267535,5.272745956361994,129.84374109157383,349.0530424078525,2425.0341287725796,2244.043350125672,,1942.6841082552799,9280.955167102415,19527.866863634812,3603.6808230734573,598.3263927294162,2360.051653951832,210.45774442677174,3683.6538799691057,74.34849736831751,7794.788871466298,83.47494961886039,552.1852554711039,221.0205615473401,4515.203960048014,1254.7613370036936,38.52022252986118,4006.955040829668,647.4455497998,2054.641075573889,79.55488497975065,3033.9622747267117,296.5909635059958,672.977823203719,782.82984528501,5638.460950229192,21802.023741369376,13.17212804729787,3442.810449419133,18.58773145815873,147.12393468784572
SAMPLE_091,60.18837109853462,33.448476182578624,53.508811680068156,,338.20699042764517,2565.781252107841,4531.397166638543,2671.3643746156035,,129.69021551798957,64.91001801090286,13214.111876522711,414.7828798423644,264.61529758223554,10.873498554820019,201.30487527136356,35.64847641707566,2124.0344078354947,3462.166546240762,,451.34062343586544,6365.504750710568,,56683.10590884038,1092.1701447882485,7338.2356209157115,,3732.3474536414647,831.5258140825722,433.73712832990316,969.8248486775201,1809.5228012501382,,343.0419101598379,5075.559859153609,215.74270408454012,2775.4194522401594,,283.67610217094006,315.2286586345231,228.95334663022084,55123.37947438192,73.29962323158993,,2348.8552564672304,3048.011891394652,46.8314947696953,446.9351394284474,1933.1600403750947,832.8813434912972
SAMPLE_092,4150.593636577277,1729.0895496211824,,101.04358451600062,430.9882371512567,754.6468334619107,213.9735234070266,3166.9668083013585,318.80381570706413,478.20220119887097,80.0975493128355,43444.87607040502,,2115.6018396056265,62.29788263787507,372.6827165033094,350.55746847909904,125.11646792783638,25246.594880930446,1995.3042513390417,371.1296468564443,537.1740781566401,8141.082428006356,472.52700248044613,33.88076335663465,627.8870634546063,58.02410969573457,25004.79936883138,330.08306081124385,5224.509082905898,1044.960144489136,56.10788698487981,1001.0596665179556,6838.409620314771,950.4120879005173,5821.698817268356,,9579.09916582127,183.90331637617052,11.362796057557846,493.44394327947424,2366.6051345290384,5192.27113070416,35.860498792884755,,1415.2195034693862,34.05008665102935,5064.494746292942,,13348.531812672654
SAMPLE_093,229.19002135331354,2063.133779348002,17560.80934532088,6097.793505884167,69.62509714434682,820.957742764219,702.4950053790658,3995.3729100343194,2886.426985005167,32.46945986651993,621.2287654852071,51.88895195350705,,566.8398251860946,16.562411687992043,596.1609737853577,594.62486713153,6.918949338785383,1794.9565503451677,1607.7796137152143,479.88499943441735,20579.633123460902,384.30277394562614,5428.116794489747,247.88037262728741,9062.14245594191,145.24907958812236,252.27001638439413,6579.936802983056,2514.386853193071,,125.04687355435091,2028.4386495797098,7533.244224801967,392.7412093912758,3.5825803428050595,4819.0364909022555,203.7135526589541,11.140448772843515,0.484748177697007,6444.823312391537,2095.378516264169,1295.081502232329,21779.158501205093,3798.974310889975,19532.19474105531,,,50.2915484972077,835.4145337917221
SAMPLE_094,216.10660916893806,1179.0053267177243,1004.5755895183161,1766.5202049747961,1763.7053744303616,62690.18633252108,741.2965752270212,304.4153871113527,1306.737415787353,34.68137209321556,7919.785924089286,1182.2593894261884,432.7324242145922,610.3192028737087,54.58352199374983,783.6289546590647,,22911.837438201404,396.04545803702547,2073.725611701179,3513.061158289519,48.83494787288842,4505.673431378823,202.53659836309032,574.0406698345022,165.39794684291883,1679.7070276674258,,4313.221417399532,1838.2620545876914,472.6457554877799,116.96590055582877,14291.143725620539,473.4347373737414,206.24136094441013,2251.626609727742,448.30836431845796,331.35085534468476,31.290191668642763,33.27556053977799,1283.0302077346971,2574.841328290013,10773.682495120727,4614.141790232502,855.5392453574344,745.2554914320381,140.5686080098301,4896.828554660014,1158.9696713377791,542.6045084021065
SAMPLE-095,56.60637332110873,28.308224916289284,3070.4851454683785,1627.8174327658403,1405.6207608487882,1028.1348082267555,16455.53714010511,692.8550017701778,4683.602729671767,137.0806657153104,183.93063356732102,5718.887924984287,2503.6427613715996,2710.535154746059,17.337674312562022,972.3080313420484,5564.434734542543,9637.69724737065,6793.510667092446,2378.72910003798,,2338.441586344962,1989.8057435673304,783.4432542968673,112.84780290210452,3.109182612559109,705.1932807318243,391.73558404105086,16085.291843098823,,84.31448851098455,301.76645912264127,153.93260979725562,3909.789508764686,2251.7688147572553,3811.794766771684,452.5690415591514,1947.8990657706156,36.04445808548437,280.54987827190445,44685.48515443064,4057.925328586188,,3770.851471760364,,637.3440731104253,72.02213983493367,70.1537603135771,193.4562492994917,1505.4997384980616
SAMPLE_096,2466.0199352479613,240.61938935336633,605.2585326795667,276.50823833430275,189.88487247184375,2204.017692155592,88.31155854477812,16612.742043796956,253.300908379921,539.0094149329078,55.901577296689226,6560.927955559518,4014.4568430256095,2846.695512854711,2.500796649034444,1631.1930315875945,8.985210642511287,725.4569003880426,11796.737540408201,8161.200983034585,1115.9053024697844,,6067.376745908005,1401.0828019080984,2.003955875694765,3827.089524631751,462.0953756623237,8219.431065837141,127.40457493319607,3.8425608721608975,,,48.24653112128566,286.5194111636676,190071.95864045006,,7004.119199667448,567.9903369134898,,58.41636520019039,923.1380070720378,809.3223169362445,1581.5440404299188,2875.9772113003914,920.6605940555795,109.4281551194194,134.63196407726602,14.832898536937382,23.04105657022663,4775.916334986765
SAMPLE_097,842.1152433926164,344.1956391992542,75.07579008063128,160.83747168660736,309.833735292783,73.29405010904864,345.73866173816685,5358.442554296879,10954.306389781525,69.08407282208502,2145.8029763061018,62.781909490260624,3925.187011138896,335.3729698198282,26.044400420882017,666.4238324467494,813.8908888938369,236.93630647154708,5723.444259865992,,,661.1048116424978,414.22618017754536,1319.1413085951463,116.6204263711153,1444.269068781048,561.9987770456135,3968.860144439587,4823.090071428769,176.45818260996612,3423.7043081249403,39.018352512350845,2915.1409754209153,5087.975458689251,42.75113160996134,803.6040979001439,808.5435562946238,467.55389760568926,4785.407921863457,24.469769744245212,348.7615600035172,1904.9841614706504,6677.987421034467,1385.0582164570415,9845.491797432409,2768.9833499311367,1.1125246178979356,191.07694746480024,335.83008650724645,2991.906123686909
SAMPLE_098,2.9999921805966703,37524.12532646945,2407.0384624443373,751.9067418325737,4170.544372445683,88050.50702830747,6268.414441292175,9137.093431289659,1061.6507890444711,113.92728663045763,233.49444163436394,444.9551579801841,347.76663361565267,125.380067719096,13.065982129836966,50.17307694601338,106.56241179398579,1071.034656019734,2409.3643776300687,759.9451971433397,,10647.26169845478,202.03627116605023,2057.561815544328,,150.66558058174772,43.261395720792784,2054.5950863642784,268.37094946812863,6676.123242321524,4287.657648019263,,218.161732974377,3923.5948590193484,4163.801093196931,,468.4072132056457,33204.12166582506,633.5157944161487,249.33637093402132,339.04408076151486,185.16846671334062,697.4988043051768,1429.709289880742,177.63057093368693,1046.0313997135083,2.6861337719146365,65.9984585923599,3088.872334114861,3742.986806890989
SAMPLE_099,166.9847024247453,61.10209264569935,145.6168786023947,293.75650591028506,1586.226567456851,6890.719750941628,,207.66945731082058,1358.9353319262489,33.37956269200409,216.31492274059818,21385.578166617688,5307.9703665446905,1894.4885068002259,1.5175944430518888,1522.9340168024933,511.7643267212325,581.5139286185972,21049.66812296464,19930.862103159718,21694.4356764829,1594.454623635943,5463.958474101294,17251.45104951916,292.07199450516356,379.51905131184344,215.29588812108085,1449.8899597050608,89.64379884155645,903.5575947037734,5158.869197434497,6.392853650551133,16020.118927162783,12573.90687598082,583.0015015697636,1807.7668514120703,1889.7379790393934,16768.790989229998,2466.6642532446895,6.384885898691548,4285.271956865447,1148.081933262624,2256.5875565783754,481.90908906056933,28055.744530216354,,14.81772565663135,44.85421908522163,461.14400994421385,2759.8207463307494
SAMPLE_100,520.9483511517594,3641.536387414922,3835.906058200353,3294.0012889583177,,106.30909728078508,919.3596592450007,11163.396848537706,764.7867283378938,363.5327640677255,309.77403242707163,308.3741338887754,959.2365675407017,2486.5109930344024,4.601318003410054,681.0256463493664,13.930034447715228,8573.371783912557,1088.5636426970325,,17014.78786492142,795.4966716028795,309.02309743273713,31.67406600073201,9.2259900829294,78.90333580580752,5771.202486523118,1162.5001690629938,1844.8305875076953,21.48699967104845,82.95914861479302,1629.748975342388,1695.4886431648563,1279.3865286570592,3686.682628144456,12915.457639730597,1262.2499980774824,2075.915915112466,,5883.212671177252,,5686.0978895251565,1581.0845992749971,4957.4858852087555,369.45589322762027,974.907176666127,201.93609416261756,134451.00134970466,3953.6174815133763,274.320785117721
SAMPLE-076,117.75551539808437,690.1535251976553,8825.691081264093,256.67989051691325,143.01211815190916,37.4507569075899,1575.1777372906151,65379.949453175104,1382.40983346495,141.20385153470545,,1929.4870830168854,277.19775575437063,6274.532442030884,22.487316104517948,1074.4713578843528,13.058277804250446,11945.25969530453,6118.667680121034,718.97431972874,6590.448777682006,375.8619385085197,464.5259648305681,344.6911529575479,5.385810694748026,2186.1613473993984,17.8736869861125,103.40415340610316,21.819327728689007,1001.5263395359788,546.8152780906438,183.34772706587145,154.91754546373758,202.16510458553228,3076.758309589263,252.3332441986121,3320.8383109916904,372.35379358927344,582.7191233404735,828.7855098061666,4276.821586281089,791.2652199037317,3088.5856299321727,1158.947554819973,1223.5188557722458,592.5169171326276,41.74621832631339,725.9526432919026,154.45077802197255,202.80285673333972
SAMPLE_036,2.1563822735507747,388.127871382127,127.63720728732805,13.581175919642556,393.77664628567874,3742.7517990393953,391.41249928775056,2544.1346606381467,3465.9972151523507,388.64970815335073,2367.374621626931,2204.302321209824,493.39373163169137,47.43696058045179,3.8094580989323905,108.09498302251733,,323.09513139894284,818.4742375005925,1636.4936468148244,426.4502265063946,4304.541731403329,274.4172337417827,,15.768044044517932,47.51723198349303,70.9330713352688,328.41853960069926,176.7791564070327,152.2576926969463,31.98322921391698,107.2089058920692,38.95675948918911,1918.2899453805346,,28.090089840082985,434.72512682655986,218.1226429585028,,218.05265926405457,70106.69188556667,726.7025161500355,562.4550389745748,1799.8795424340294,610.9999662951428,126.78913104054685,12.792145314696258,55.23948261308933,1706.0428140007316,479.51909663103527
SAMPLE-001,262.00186267625696,114.10572372191366,899.4992804165969,2078.0367157583496,128.73421107338336,335.5876391539619,5139.720525358662,1926.3573760019274,152.64679159525915,122.01534673779422,100.93366634896354,360.0995291986719,633.3989323871576,29.73812922712107,0.4144528473398924,164.75325199541945,6.085046789801409,673.943663330101,174.26874123941218,86.02410913039937,3599.553689906577,241.33474412125992,,58.7324355767795,21.223671838224423,406.4699795633439,31.591877469115946,609.9585801094548,136.714738120133,277.73440440313,106.92503222759413,1954.4321272781249,364.7772976431675,125.52928472059573,1685.105477227072,40.06401755478375,945.6031208992547,35.65134626507912,21.105069700250404,39.22650925115769,,790.7884637489741,601.2663232690494,418.55544353316003,48.30422235039328,133.04840455057692,10.344490739982659,890.1589896842717,568.6974385869354,
sample_098,2.9999921805966703,37524.12532646945,2407.0384624443373,751.9067418325737,4170.544372445683,88050.50702830747,6268.414441292175,9137.093431289659,1061.6507890444711,113.92728663045763,233.49444163436394,444.9551579801841,347.76663361565267,125.380067719096,13.065982129836966,50.17307694601338,106.56241179398579,1071.034656019734,2409.3643776300687,,276078.53592497366,10647.26169845478,202.03627116605023,2057.561815544328,43.6970320968549,150.66558058174772,43.261395720792784,2054.5950863642784,268.37094946812863,6676.123242321524,4287.657648019263,3914.65927842469,218.161732974377,3923.5948590193484,4163.801093196931,289.5197087893413,468.4072132056457,33204.12166582506,633.5157944161487,249.33637093402132,339.04408076151486,185.16846671334062,697.4988043051768,1429.709289880742,177.63057093368693,,,65.9984585923599,3088.872334114861,3742.986806890989
